allocation_id,execution_id,account_id,allocation_quantity,allocation_pct,received_at
BALLOC-000001-1,EXEC-000001,PA_LONG_SHORT,900,0.6,2026-06-12T17:00:00
BALLOC-000001-2,EXEC-000001,PA_MAIN,600,0.4,2026-06-12T17:00:00
BALLOC-000002-1,EXEC-000002,PA_LONG_SHORT,100,1.0,2026-06-12T17:00:00
BALLOC-000003-1,EXEC-000003,PA_MAIN,200,1.0,2026-06-12T17:00:00
BALLOC-000004-1,EXEC-000004,PA_MAIN,200,1.0,2026-06-12T17:00:00
BALLOC-000006-1,EXEC-000006,PA_MARKET_NEUTRAL,1000,1.0,2026-06-12T17:00:00
BALLOC-000007-1,EXEC-000007,PA_LONG_SHORT,2000,1.0,2026-06-12T17:00:00
BALLOC-000008-1,EXEC-000008,PA_MARKET_NEUTRAL,1500,1.0,2026-06-12T17:00:00
BALLOC-000009-1,EXEC-000009,PA_LONG_SHORT,1000,1.0,2026-06-12T17:00:00
BALLOC-000011-1,EXEC-000011,PA_MARKET_NEUTRAL,500,1.0,2026-06-12T17:00:00
BALLOC-000012-1,EXEC-000012,PA_MARKET_NEUTRAL,120,0.6,2026-06-12T17:00:00
BALLOC-000012-2,EXEC-000012,PA_MAIN,80,0.4,2026-06-12T17:00:00
BALLOC-000013-1,EXEC-000013,PA_MAIN,200,1.0,2026-06-12T17:00:00
BALLOC-000014-1,EXEC-000014,PA_EVENT,1000,1.0,2026-06-12T17:00:00
BALLOC-000016-1,EXEC-000016,PA_LONG_SHORT,1500,1.0,2026-06-12T17:00:00
BALLOC-000017-1,EXEC-000017,PA_MAIN,200,1.0,2026-06-12T17:00:00
BALLOC-000018-1,EXEC-000018,PA_LONG_SHORT,300,1.0,2026-06-12T17:00:00
BALLOC-000019-1,EXEC-000019,PA_LONG_SHORT,100,1.0,2026-06-12T17:00:00
BALLOC-000020-1,EXEC-000020,PA_EVENT,300,1.0,2026-06-12T17:00:00
BALLOC-000021-1,EXEC-000021,PA_EVENT,1500,1.0,2026-06-12T17:00:00
BALLOC-000022-1,EXEC-000022,PA_LONG_SHORT,300,1.0,2026-06-12T17:00:00
BALLOC-000023-1,EXEC-000023,PA_MARKET_NEUTRAL,120,0.6,2026-06-12T17:00:00
BALLOC-000023-2,EXEC-000023,PA_MAIN,80,0.4,2026-06-12T17:00:00
BALLOC-000024-1,EXEC-000024,PA_EVENT,200,1.0,2026-06-12T17:00:00
BALLOC-000025-1,EXEC-000025,PA_MARKET_NEUTRAL,100,1.0,2026-06-12T17:00:00
BALLOC-000026-1,EXEC-000026,PA_MAIN,1500,1.0,2026-06-12T17:00:00
BALLOC-000027-1,EXEC-000027,PA_EVENT,200,1.0,2026-06-12T17:00:00
BALLOC-000028-1,EXEC-000028,PA_EVENT,500,1.0,2026-06-12T17:00:00
BALLOC-000029-1,EXEC-000029,PA_LONG_SHORT,100,1.0,2026-06-12T17:00:00
BALLOC-000030-1,EXEC-000030,PA_LONG_SHORT,2000,1.0,2026-06-12T17:00:00
BALLOC-000031-1,EXEC-000031,PA_EVENT,2000,1.0,2026-06-12T17:00:00
BALLOC-000032-1,EXEC-000032,PA_MAIN,200,1.0,2026-06-12T17:00:00
BALLOC-000033-1,EXEC-000033,PA_LONG_SHORT,1000,1.0,2026-06-12T17:00:00
BALLOC-000034-1,EXEC-000034,PA_EVENT,600,0.6,2026-06-12T17:00:00
BALLOC-000034-2,EXEC-000034,PA_MAIN,400,0.4,2026-06-12T17:00:00
BALLOC-000035-1,EXEC-000035,PA_MARKET_NEUTRAL,1000,1.0,2026-06-12T17:00:00
BALLOC-000036-1,EXEC-000036,PA_MARKET_NEUTRAL,300,1.0,2026-06-12T17:00:00
BALLOC-000037-1,EXEC-000037,PA_MAIN,500,1.0,2026-06-12T17:00:00
BALLOC-000038-1,EXEC-000038,PA_LONG_SHORT,200,1.0,2026-06-12T17:00:00
BALLOC-000039-1,EXEC-000039,PA_MAIN,2000,1.0,2026-06-12T17:00:00
BALLOC-000040-1,EXEC-000040,PA_LONG_SHORT,100,1.0,2026-06-12T17:00:00
BALLOC-000041-1,EXEC-000041,PA_MARKET_NEUTRAL,1500,1.0,2026-06-12T17:00:00
BALLOC-000042-1,EXEC-000042,PA_MAIN,1500,1.0,2026-06-12T17:00:00
BALLOC-000043-1,EXEC-000043,PA_EVENT,200,1.0,2026-06-12T17:00:00
BALLOC-000044-1,EXEC-000044,PA_LONG_SHORT,1000,1.0,2026-06-12T17:00:00
BALLOC-000045-1,EXEC-000045,PA_MARKET_NEUTRAL,180,0.6,2026-06-12T17:00:00
BALLOC-000045-2,EXEC-000045,PA_MAIN,120,0.4,2026-06-12T17:00:00
BALLOC-000046-1,EXEC-000046,PA_LONG_SHORT,2000,1.0,2026-06-12T17:00:00
BALLOC-000047-1,EXEC-000047,PA_EVENT,100,1.0,2026-06-12T17:00:00
BALLOC-000048-1,EXEC-000048,PA_LONG_SHORT,500,1.0,2026-06-12T17:00:00
BALLOC-000049-1,EXEC-000049,PA_LONG_SHORT,2000,1.0,2026-06-12T17:00:00
BALLOC-000050-1,EXEC-000050,PA_MARKET_NEUTRAL,300,1.0,2026-06-12T17:00:00
BALLOC-000051-1,EXEC-000051,PA_MAIN,300,1.0,2026-06-12T17:00:00
BALLOC-000052-1,EXEC-000052,PA_MAIN,500,1.0,2026-06-12T17:00:00
BALLOC-000053-1,EXEC-000053,PA_LONG_SHORT,1500,1.0,2026-06-12T17:00:00
BALLOC-000054-1,EXEC-000054,PA_MARKET_NEUTRAL,1000,1.0,2026-06-12T17:00:00
BALLOC-000055-1,EXEC-000055,PA_LONG_SHORT,1500,1.0,2026-06-12T17:00:00
BALLOC-000056-1,EXEC-000056,PA_MARKET_NEUTRAL,300,0.6,2026-06-12T17:00:00
BALLOC-000056-2,EXEC-000056,PA_MAIN,200,0.4,2026-06-12T17:00:00
BALLOC-000057-1,EXEC-000057,PA_LONG_SHORT,500,1.0,2026-06-12T17:00:00
BALLOC-000058-1,EXEC-000058,PA_MARKET_NEUTRAL,1000,1.0,2026-06-12T17:00:00
BALLOC-000059-1,EXEC-000059,PA_MAIN,2000,1.0,2026-06-12T17:00:00
BALLOC-000060-1,EXEC-000060,PA_LONG_SHORT,500,1.0,2026-06-12T17:00:00
BALLOC-000061-1,EXEC-000061,PA_MAIN,200,1.0,2026-06-12T17:00:00
BALLOC-000062-1,EXEC-000062,PA_EVENT,100,1.0,2026-06-12T17:00:00
BALLOC-000063-1,EXEC-000063,PA_EVENT,2000,1.0,2026-06-12T17:00:00
BALLOC-000064-1,EXEC-000064,PA_MARKET_NEUTRAL,300,1.0,2026-06-12T17:00:00
BALLOC-000065-1,EXEC-000065,PA_MARKET_NEUTRAL,100,1.0,2026-06-12T17:00:00
BALLOC-000066-1,EXEC-000066,PA_LONG_SHORT,200,1.0,2026-06-12T17:00:00
BALLOC-000067-1,EXEC-000067,PA_MAIN,180,0.6,2026-06-12T17:00:00
BALLOC-000067-2,EXEC-000067,PA_LONG_SHORT,120,0.4,2026-06-12T17:00:00
BALLOC-000068-1,EXEC-000068,PA_EVENT,2000,1.0,2026-06-12T17:00:00
BALLOC-000069-1,EXEC-000069,PA_LONG_SHORT,2000,1.0,2026-06-12T17:00:00
BALLOC-000070-1,EXEC-000070,PA_EVENT,500,1.0,2026-06-12T17:00:00
BALLOC-000071-1,EXEC-000071,PA_MAIN,500,1.0,2026-06-12T17:00:00
BALLOC-000072-1,EXEC-000072,PA_MARKET_NEUTRAL,200,1.0,2026-06-12T17:00:00
BALLOC-000073-1,EXEC-000073,PA_EVENT,2000,1.0,2026-06-12T17:00:00
BALLOC-000074-1,EXEC-000074,PA_LONG_SHORT,1500,1.0,2026-06-12T17:00:00
BALLOC-000075-1,EXEC-000075,PA_LONG_SHORT,200,1.0,2026-06-12T17:00:00
BALLOC-000076-1,EXEC-000076,PA_MARKET_NEUTRAL,1000,1.0,2026-06-12T17:00:00
BALLOC-000077-1,EXEC-000077,PA_MAIN,2000,1.0,2026-06-12T17:00:00
BALLOC-000078-1,EXEC-000078,PA_MAIN,300,0.6,2026-06-12T17:00:00
BALLOC-000078-2,EXEC-000078,PA_LONG_SHORT,200,0.4,2026-06-12T17:00:00
BALLOC-000079-1,EXEC-000079,PA_MARKET_NEUTRAL,2000,1.0,2026-06-12T17:00:00
BALLOC-000080-1,EXEC-000080,PA_LONG_SHORT,100,1.0,2026-06-12T17:00:00
BALLOC-000081-1,EXEC-000081,PA_MAIN,500,1.0,2026-06-12T17:00:00
BALLOC-000082-1,EXEC-000082,PA_MARKET_NEUTRAL,300,1.0,2026-06-12T17:00:00
BALLOC-000083-1,EXEC-000083,PA_LONG_SHORT,300,1.0,2026-06-12T17:00:00
BALLOC-000084-1,EXEC-000084,PA_MARKET_NEUTRAL,300,1.0,2026-06-12T17:00:00
BALLOC-000085-1,EXEC-000085,PA_LONG_SHORT,1500,1.0,2026-06-12T17:00:00
BALLOC-000086-1,EXEC-000086,PA_LONG_SHORT,100,1.0,2026-06-12T17:00:00
BALLOC-000087-1,EXEC-000087,PA_MARKET_NEUTRAL,500,1.0,2026-06-12T17:00:00
BALLOC-000088-1,EXEC-000088,PA_LONG_SHORT,300,1.0,2026-06-12T17:00:00
BALLOC-000089-1,EXEC-000089,PA_MARKET_NEUTRAL,120,0.6,2026-06-12T17:00:00
BALLOC-000089-2,EXEC-000089,PA_MAIN,80,0.4,2026-06-12T17:00:00
BALLOC-000090-1,EXEC-000090,PA_MAIN,200,1.0,2026-06-12T17:00:00
BALLOC-000091-1,EXEC-000091,PA_EVENT,1000,1.0,2026-06-12T17:00:00
BALLOC-000092-1,EXEC-000092,PA_LONG_SHORT,500,1.0,2026-06-12T17:00:00
BALLOC-000093-1,EXEC-000093,PA_MAIN,2000,1.0,2026-06-12T17:00:00
BALLOC-000094-1,EXEC-000094,PA_EVENT,100,1.0,2026-06-12T17:00:00
BALLOC-000095-1,EXEC-000095,PA_MARKET_NEUTRAL,300,1.0,2026-06-12T17:00:00
BALLOC-000096-1,EXEC-000096,PA_LONG_SHORT,300,1.0,2026-06-12T17:00:00
BALLOC-000097-1,EXEC-000097,PA_EVENT,500,1.0,2026-06-12T17:00:00
BALLOC-000098-1,EXEC-000098,PA_MAIN,1500,1.0,2026-06-12T17:00:00
BALLOC-000099-1,EXEC-000099,PA_LONG_SHORT,500,1.0,2026-06-12T17:00:00
BALLOC-000100-1,EXEC-000100,PA_MARKET_NEUTRAL,120,0.6,2026-06-12T17:00:00
BALLOC-000100-2,EXEC-000100,PA_MAIN,80,0.4,2026-06-12T17:00:00
BALLOC-000101-1,EXEC-000101,PA_EVENT,1500,1.0,2026-06-12T17:00:00
BALLOC-000102-1,EXEC-000102,PA_MARKET_NEUTRAL,500,1.0,2026-06-12T17:00:00
BALLOC-000103-1,EXEC-000103,PA_MAIN,2000,1.0,2026-06-12T17:00:00
BALLOC-000104-1,EXEC-000104,PA_EVENT,300,1.0,2026-06-12T17:00:00
BALLOC-000105-1,EXEC-000105,PA_MAIN,500,1.0,2026-06-12T17:00:00
BALLOC-000106-1,EXEC-000106,PA_MAIN,300,1.0,2026-06-12T17:00:00
BALLOC-000107-1,EXEC-000107,PA_MAIN,300,1.0,2026-06-12T17:00:00
BALLOC-000108-1,EXEC-000108,PA_EVENT,1000,1.0,2026-06-12T17:00:00
BALLOC-000109-1,EXEC-000109,PA_EVENT,300,1.0,2026-06-12T17:00:00
BALLOC-000110-1,EXEC-000110,PA_MAIN,1500,1.0,2026-06-12T17:00:00
BALLOC-000111-1,EXEC-000111,PA_LONG_SHORT,300,0.6,2026-06-12T17:00:00
BALLOC-000111-2,EXEC-000111,PA_MAIN,200,0.4,2026-06-12T17:00:00
BALLOC-000112-1,EXEC-000112,PA_LONG_SHORT,500,1.0,2026-06-12T17:00:00
BALLOC-000113-1,EXEC-000113,PA_MAIN,1000,1.0,2026-06-12T17:00:00
BALLOC-000114-1,EXEC-000114,PA_MARKET_NEUTRAL,2000,1.0,2026-06-12T17:00:00
BALLOC-000115-1,EXEC-000115,PA_EVENT,300,1.0,2026-06-12T17:00:00
BALLOC-000116-1,EXEC-000116,PA_MAIN,1000,1.0,2026-06-12T17:00:00
BALLOC-000117-1,EXEC-000117,PA_LONG_SHORT,1500,1.0,2026-06-12T17:00:00
BALLOC-000118-1,EXEC-000118,PA_MAIN,2000,1.0,2026-06-12T17:00:00
BALLOC-000119-1,EXEC-000119,PA_MAIN,2000,1.0,2026-06-12T17:00:00
BALLOC-000120-1,EXEC-000120,PA_EVENT,1500,1.0,2026-06-12T17:00:00
BALLOC-000121-1,EXEC-000121,PA_MARKET_NEUTRAL,1000,1.0,2026-06-12T17:00:00
BALLOC-000122-1,EXEC-000122,PA_EVENT,1200,0.6,2026-06-12T17:00:00
BALLOC-000122-2,EXEC-000122,PA_MAIN,800,0.4,2026-06-12T17:00:00
BALLOC-000123-1,EXEC-000123,PA_MARKET_NEUTRAL,300,1.0,2026-06-12T17:00:00
BALLOC-000124-1,EXEC-000124,PA_LONG_SHORT,1000,1.0,2026-06-12T17:00:00
BALLOC-000125-1,EXEC-000125,PA_LONG_SHORT,1000,1.0,2026-06-12T17:00:00
BALLOC-000126-1,EXEC-000126,PA_MARKET_NEUTRAL,300,1.0,2026-06-12T17:00:00
BALLOC-000127-1,EXEC-000127,PA_MARKET_NEUTRAL,1000,1.0,2026-06-12T17:00:00
BALLOC-000128-1,EXEC-000128,PA_EVENT,2000,1.0,2026-06-12T17:00:00
BALLOC-000129-1,EXEC-000129,PA_MAIN,2000,1.0,2026-06-12T17:00:00
BALLOC-000130-1,EXEC-000130,PA_LONG_SHORT,1000,1.0,2026-06-12T17:00:00
BALLOC-000131-1,EXEC-000131,PA_MARKET_NEUTRAL,300,1.0,2026-06-12T17:00:00
BALLOC-000132-1,EXEC-000132,PA_LONG_SHORT,1500,1.0,2026-06-12T17:00:00
BALLOC-000133-1,EXEC-000133,PA_MARKET_NEUTRAL,1200,0.6,2026-06-12T17:00:00
BALLOC-000133-2,EXEC-000133,PA_MAIN,800,0.4,2026-06-12T17:00:00
BALLOC-000134-1,EXEC-000134,PA_EVENT,2000,1.0,2026-06-12T17:00:00
BALLOC-000135-1,EXEC-000135,PA_MARKET_NEUTRAL,300,1.0,2026-06-12T17:00:00
BALLOC-000136-1,EXEC-000136,PA_MARKET_NEUTRAL,1500,1.0,2026-06-12T17:00:00
BALLOC-000137-1,EXEC-000137,PA_MAIN,1500,1.0,2026-06-12T17:00:00
BALLOC-000138-1,EXEC-000138,PA_LONG_SHORT,100,1.0,2026-06-12T17:00:00
BALLOC-000139-1,EXEC-000139,PA_EVENT,1000,1.0,2026-06-12T17:00:00
BALLOC-000140-1,EXEC-000140,PA_LONG_SHORT,300,1.0,2026-06-12T17:00:00
BALLOC-000141-1,EXEC-000141,PA_MARKET_NEUTRAL,100,1.0,2026-06-12T17:00:00
BALLOC-000142-1,EXEC-000142,PA_MAIN,100,1.0,2026-06-12T17:00:00
BALLOC-000143-1,EXEC-000143,PA_LONG_SHORT,200,1.0,2026-06-12T17:00:00
BALLOC-000144-1,EXEC-000144,PA_LONG_SHORT,1200,0.6,2026-06-12T17:00:00
BALLOC-000144-2,EXEC-000144,PA_MAIN,800,0.4,2026-06-12T17:00:00
BALLOC-000145-1,EXEC-000145,PA_MAIN,1000,1.0,2026-06-12T17:00:00
BALLOC-000146-1,EXEC-000146,PA_MARKET_NEUTRAL,2000,1.0,2026-06-12T17:00:00
BALLOC-000147-1,EXEC-000147,PA_MAIN,200,1.0,2026-06-12T17:00:00
BALLOC-000148-1,EXEC-000148,PA_LONG_SHORT,1000,1.0,2026-06-12T17:00:00
BALLOC-000149-1,EXEC-000149,PA_EVENT,100,1.0,2026-06-12T17:00:00
BALLOC-000150-1,EXEC-000150,PA_MAIN,100,1.0,2026-06-12T17:00:00
BALLOC-000151-1,EXEC-000151,PA_MARKET_NEUTRAL,500,1.0,2026-06-12T17:00:00
BALLOC-000152-1,EXEC-000152,PA_LONG_SHORT,2000,1.0,2026-06-12T17:00:00
BALLOC-000153-1,EXEC-000153,PA_EVENT,300,1.0,2026-06-12T17:00:00
BALLOC-000154-1,EXEC-000154,PA_EVENT,1500,1.0,2026-06-12T17:00:00
BALLOC-000155-1,EXEC-000155,PA_MARKET_NEUTRAL,300,0.6,2026-06-12T17:00:00
BALLOC-000155-2,EXEC-000155,PA_MAIN,200,0.4,2026-06-12T17:00:00
BALLOC-000156-1,EXEC-000156,PA_EVENT,1500,1.0,2026-06-12T17:00:00
BALLOC-000157-1,EXEC-000157,PA_LONG_SHORT,300,1.0,2026-06-12T17:00:00
BALLOC-000158-1,EXEC-000158,PA_MAIN,300,1.0,2026-06-12T17:00:00
BALLOC-000159-1,EXEC-000159,PA_MARKET_NEUTRAL,1000,1.0,2026-06-12T17:00:00
BALLOC-000160-1,EXEC-000160,PA_LONG_SHORT,300,1.0,2026-06-12T17:00:00
BALLOC-000161-1,EXEC-000161,PA_EVENT,100,1.0,2026-06-12T17:00:00
BALLOC-000162-1,EXEC-000162,PA_MAIN,300,1.0,2026-06-12T17:00:00
BALLOC-000163-1,EXEC-000163,PA_EVENT,1500,1.0,2026-06-12T17:00:00
BALLOC-000164-1,EXEC-000164,PA_MARKET_NEUTRAL,200,1.0,2026-06-12T17:00:00
BALLOC-000165-1,EXEC-000165,PA_LONG_SHORT,1000,1.0,2026-06-12T17:00:00
BALLOC-000166-1,EXEC-000166,PA_MARKET_NEUTRAL,180,0.6,2026-06-12T17:00:00
BALLOC-000166-2,EXEC-000166,PA_MAIN,120,0.4,2026-06-12T17:00:00
BALLOC-000167-1,EXEC-000167,PA_LONG_SHORT,500,1.0,2026-06-12T17:00:00
BALLOC-000168-1,EXEC-000168,PA_MAIN,100,1.0,2026-06-12T17:00:00
BALLOC-000169-1,EXEC-000169,PA_EVENT,2000,1.0,2026-06-12T17:00:00
BALLOC-000170-1,EXEC-000170,PA_EVENT,100,1.0,2026-06-12T17:00:00
BALLOC-000171-1,EXEC-000171,PA_MAIN,200,1.0,2026-06-12T17:00:00
BALLOC-000172-1,EXEC-000172,PA_MAIN,300,1.0,2026-06-12T17:00:00
BALLOC-000173-1,EXEC-000173,PA_LONG_SHORT,200,1.0,2026-06-12T17:00:00
BALLOC-000174-1,EXEC-000174,PA_EVENT,2000,1.0,2026-06-12T17:00:00
BALLOC-000175-1,EXEC-000175,PA_MARKET_NEUTRAL,100,1.0,2026-06-12T17:00:00
BALLOC-000176-1,EXEC-000176,PA_MAIN,300,1.0,2026-06-12T17:00:00
BALLOC-000177-1,EXEC-000177,PA_EVENT,600,0.6,2026-06-12T17:00:00
BALLOC-000177-2,EXEC-000177,PA_MAIN,400,0.4,2026-06-12T17:00:00
BALLOC-000178-1,EXEC-000178,PA_LONG_SHORT,300,1.0,2026-06-12T17:00:00
BALLOC-000179-1,EXEC-000179,PA_LONG_SHORT,1500,1.0,2026-06-12T17:00:00
BALLOC-000180-1,EXEC-000180,PA_MARKET_NEUTRAL,1000,1.0,2026-06-12T17:00:00
BALLOC-000181-1,EXEC-000181,PA_MAIN,2000,1.0,2026-06-12T17:00:00
BALLOC-000182-1,EXEC-000182,PA_MARKET_NEUTRAL,1000,1.0,2026-06-12T17:00:00
BALLOC-000183-1,EXEC-000183,PA_EVENT,300,1.0,2026-06-12T17:00:00
BALLOC-000184-1,EXEC-000184,PA_MAIN,1500,1.0,2026-06-12T17:00:00
BALLOC-000185-1,EXEC-000185,PA_MARKET_NEUTRAL,300,1.0,2026-06-12T17:00:00
BALLOC-000186-1,EXEC-000186,PA_MAIN,200,1.0,2026-06-12T17:00:00
BALLOC-000187-1,EXEC-000187,PA_LONG_SHORT,200,1.0,2026-06-12T17:00:00
BALLOC-000188-1,EXEC-000188,PA_MARKET_NEUTRAL,900,0.6,2026-06-12T17:00:00
BALLOC-000188-2,EXEC-000188,PA_MAIN,600,0.4,2026-06-12T17:00:00
BALLOC-000189-1,EXEC-000189,PA_LONG_SHORT,300,1.0,2026-06-12T17:00:00
BALLOC-000190-1,EXEC-000190,PA_EVENT,2000,1.0,2026-06-12T17:00:00
BALLOC-000191-1,EXEC-000191,PA_EVENT,2000,1.0,2026-06-12T17:00:00
BALLOC-000192-1,EXEC-000192,PA_MARKET_NEUTRAL,300,1.0,2026-06-12T17:00:00
BALLOC-000193-1,EXEC-000193,PA_MAIN,200,1.0,2026-06-12T17:00:00
BALLOC-000194-1,EXEC-000194,PA_MARKET_NEUTRAL,200,1.0,2026-06-12T17:00:00
BALLOC-000195-1,EXEC-000195,PA_LONG_SHORT,2000,1.0,2026-06-12T17:00:00
BALLOC-000196-1,EXEC-000196,PA_EVENT,1500,1.0,2026-06-12T17:00:00
BALLOC-000197-1,EXEC-000197,PA_EVENT,300,1.0,2026-06-12T17:00:00
BALLOC-000198-1,EXEC-000198,PA_EVENT,100,1.0,2026-06-12T17:00:00
BALLOC-000199-1,EXEC-000199,PA_LONG_SHORT,900,0.6,2026-06-12T17:00:00
BALLOC-000199-2,EXEC-000199,PA_MAIN,600,0.4,2026-06-12T17:00:00
BALLOC-000200-1,EXEC-000200,PA_MAIN,200,1.0,2026-06-12T17:00:00
BALLOC-000201-1,EXEC-000201,PA_EVENT,500,1.0,2026-06-12T17:00:00
BALLOC-000202-1,EXEC-000202,PA_MAIN,2000,1.0,2026-06-12T17:00:00
BALLOC-000203-1,EXEC-000203,PA_LONG_SHORT,1000,1.0,2026-06-12T17:00:00
BALLOC-000204-1,EXEC-000204,PA_MAIN,100,1.0,2026-06-12T17:00:00
BALLOC-000205-1,EXEC-000205,PA_EVENT,100,1.0,2026-06-12T17:00:00
BALLOC-000206-1,EXEC-000206,PA_MARKET_NEUTRAL,300,1.0,2026-06-12T17:00:00
BALLOC-000207-1,EXEC-000207,PA_MARKET_NEUTRAL,500,1.0,2026-06-12T17:00:00
BALLOC-000208-1,EXEC-000208,PA_EVENT,2000,1.0,2026-06-12T17:00:00
BALLOC-000209-1,EXEC-000209,PA_MAIN,1000,1.0,2026-06-12T17:00:00
BALLOC-000210-1,EXEC-000210,PA_EVENT,600,0.6,2026-06-12T17:00:00
BALLOC-000210-2,EXEC-000210,PA_MAIN,400,0.4,2026-06-12T17:00:00
BALLOC-000211-1,EXEC-000211,PA_MAIN,1000,1.0,2026-06-12T17:00:00
BALLOC-000212-1,EXEC-000212,PA_EVENT,100,1.0,2026-06-12T17:00:00
BALLOC-000213-1,EXEC-000213,PA_EVENT,2000,1.0,2026-06-12T17:00:00
BALLOC-000214-1,EXEC-000214,PA_LONG_SHORT,300,1.0,2026-06-12T17:00:00
BALLOC-000215-1,EXEC-000215,PA_LONG_SHORT,200,1.0,2026-06-12T17:00:00
BALLOC-000216-1,EXEC-000216,PA_EVENT,300,1.0,2026-06-12T17:00:00
BALLOC-000217-1,EXEC-000217,PA_EVENT,100,1.0,2026-06-12T17:00:00
BALLOC-000218-1,EXEC-000218,PA_MARKET_NEUTRAL,1500,1.0,2026-06-12T17:00:00
BALLOC-000219-1,EXEC-000219,PA_LONG_SHORT,1000,1.0,2026-06-12T17:00:00
BALLOC-000220-1,EXEC-000220,PA_LONG_SHORT,1000,1.0,2026-06-12T17:00:00
BALLOC-000221-1,EXEC-000221,PA_EVENT,900,0.6,2026-06-12T17:00:00
BALLOC-000221-2,EXEC-000221,PA_MAIN,600,0.4,2026-06-12T17:00:00
BALLOC-000222-1,EXEC-000222,PA_MARKET_NEUTRAL,1500,1.0,2026-06-12T17:00:00
BALLOC-000223-1,EXEC-000223,PA_MAIN,1000,1.0,2026-06-12T17:00:00
BALLOC-000224-1,EXEC-000224,PA_MARKET_NEUTRAL,300,1.0,2026-06-12T17:00:00
BALLOC-000225-1,EXEC-000225,PA_LONG_SHORT,1500,1.0,2026-06-12T17:00:00
BALLOC-000226-1,EXEC-000226,PA_LONG_SHORT,1000,1.0,2026-06-12T17:00:00
BALLOC-000227-1,EXEC-000227,PA_MARKET_NEUTRAL,100,1.0,2026-06-12T17:00:00
BALLOC-000228-1,EXEC-000228,PA_MARKET_NEUTRAL,500,1.0,2026-06-12T17:00:00
BALLOC-000229-1,EXEC-000229,PA_MAIN,300,1.0,2026-06-12T17:00:00
BALLOC-000230-1,EXEC-000230,PA_LONG_SHORT,500,1.0,2026-06-12T17:00:00
BALLOC-000231-1,EXEC-000231,PA_MAIN,200,1.0,2026-06-12T17:00:00
BALLOC-000232-1,EXEC-000232,PA_MAIN,180,0.6,2026-06-12T17:00:00
BALLOC-000232-2,EXEC-000232,PA_LONG_SHORT,120,0.4,2026-06-12T17:00:00
BALLOC-000233-1,EXEC-000233,PA_MARKET_NEUTRAL,200,1.0,2026-06-12T17:00:00
BALLOC-000234-1,EXEC-000234,PA_EVENT,1000,1.0,2026-06-12T17:00:00
BALLOC-000235-1,EXEC-000235,PA_MAIN,200,1.0,2026-06-12T17:00:00
BALLOC-000236-1,EXEC-000236,PA_EVENT,300,1.0,2026-06-12T17:00:00
BALLOC-000237-1,EXEC-000237,PA_LONG_SHORT,300,1.0,2026-06-12T17:00:00
BALLOC-000238-1,EXEC-000238,PA_MARKET_NEUTRAL,1000,1.0,2026-06-12T17:00:00
BALLOC-000239-1,EXEC-000239,PA_MARKET_NEUTRAL,300,1.0,2026-06-12T17:00:00
BALLOC-000240-1,EXEC-000240,PA_LONG_SHORT,1000,1.0,2026-06-12T17:00:00
BALLOC-000241-1,EXEC-000241,PA_LONG_SHORT,200,1.0,2026-06-12T17:00:00
BALLOC-000242-1,EXEC-000242,PA_MARKET_NEUTRAL,1000,1.0,2026-06-12T17:00:00
BALLOC-000243-1,EXEC-000243,PA_EVENT,180,0.6,2026-06-12T17:00:00
BALLOC-000243-2,EXEC-000243,PA_MAIN,120,0.4,2026-06-12T17:00:00
BALLOC-000244-1,EXEC-000244,PA_LONG_SHORT,300,1.0,2026-06-12T17:00:00
BALLOC-000245-1,EXEC-000245,PA_MAIN,200,1.0,2026-06-12T17:00:00
BALLOC-000246-1,EXEC-000246,PA_LONG_SHORT,300,1.0,2026-06-12T17:00:00
BALLOC-000247-1,EXEC-000247,PA_EVENT,1000,1.0,2026-06-12T17:00:00
BALLOC-000248-1,EXEC-000248,PA_MARKET_NEUTRAL,1000,1.0,2026-06-12T17:00:00
BALLOC-000249-1,EXEC-000249,PA_MARKET_NEUTRAL,1000,1.0,2026-06-12T17:00:00
BALLOC-000250-1,EXEC-000250,PA_MARKET_NEUTRAL,300,1.0,2026-06-12T17:00:00
BALLOC-000251-1,EXEC-000251,PA_MARKET_NEUTRAL,500,1.0,2026-06-12T17:00:00
BALLOC-000252-1,EXEC-000252,PA_EVENT,500,1.0,2026-06-12T17:00:00
BALLOC-000253-1,EXEC-000253,PA_MAIN,1000,1.0,2026-06-12T17:00:00
BALLOC-000254-1,EXEC-000254,PA_EVENT,900,0.6,2026-06-12T17:00:00
BALLOC-000254-2,EXEC-000254,PA_MAIN,600,0.4,2026-06-12T17:00:00
BALLOC-000255-1,EXEC-000255,PA_EVENT,100,1.0,2026-06-12T17:00:00
BALLOC-000256-1,EXEC-000256,PA_MAIN,300,1.0,2026-06-12T17:00:00
BALLOC-000257-1,EXEC-000257,PA_EVENT,2000,1.0,2026-06-12T17:00:00
BALLOC-000258-1,EXEC-000258,PA_MAIN,100,1.0,2026-06-12T17:00:00
BALLOC-000259-1,EXEC-000259,PA_MARKET_NEUTRAL,200,1.0,2026-06-12T17:00:00
BALLOC-000260-1,EXEC-000260,PA_LONG_SHORT,1500,1.0,2026-06-12T17:00:00
BALLOC-000261-1,EXEC-000261,PA_EVENT,200,1.0,2026-06-12T17:00:00
BALLOC-000262-1,EXEC-000262,PA_EVENT,1500,1.0,2026-06-12T17:00:00
BALLOC-000263-1,EXEC-000263,PA_MARKET_NEUTRAL,500,1.0,2026-06-12T17:00:00
BALLOC-000264-1,EXEC-000264,PA_MAIN,1500,1.0,2026-06-12T17:00:00
BALLOC-000265-1,EXEC-000265,PA_MARKET_NEUTRAL,900,0.6,2026-06-12T17:00:00
BALLOC-000265-2,EXEC-000265,PA_MAIN,600,0.4,2026-06-12T17:00:00
BALLOC-000266-1,EXEC-000266,PA_LONG_SHORT,200,1.0,2026-06-12T17:00:00
BALLOC-000267-1,EXEC-000267,PA_LONG_SHORT,2000,1.0,2026-06-12T17:00:00
BALLOC-000268-1,EXEC-000268,PA_MAIN,1000,1.0,2026-06-12T17:00:00
BALLOC-000269-1,EXEC-000269,PA_EVENT,200,1.0,2026-06-12T17:00:00
BALLOC-000270-1,EXEC-000270,PA_MAIN,100,1.0,2026-06-12T17:00:00
BALLOC-000271-1,EXEC-000271,PA_EVENT,500,1.0,2026-06-12T17:00:00
BALLOC-000272-1,EXEC-000272,PA_MAIN,2000,1.0,2026-06-12T17:00:00
BALLOC-000273-1,EXEC-000273,PA_EVENT,1000,1.0,2026-06-12T17:00:00
BALLOC-000274-1,EXEC-000274,PA_EVENT,2000,1.0,2026-06-12T17:00:00
BALLOC-000275-1,EXEC-000275,PA_LONG_SHORT,500,1.0,2026-06-12T17:00:00
BALLOC-000276-1,EXEC-000276,PA_MAIN,600,0.6,2026-06-12T17:00:00
BALLOC-000276-2,EXEC-000276,PA_LONG_SHORT,400,0.4,2026-06-12T17:00:00
BALLOC-000277-1,EXEC-000277,PA_LONG_SHORT,1000,1.0,2026-06-12T17:00:00
BALLOC-000278-1,EXEC-000278,PA_MAIN,200,1.0,2026-06-12T17:00:00
BALLOC-000279-1,EXEC-000279,PA_MAIN,200,1.0,2026-06-12T17:00:00
BALLOC-000280-1,EXEC-000280,PA_LONG_SHORT,500,1.0,2026-06-12T17:00:00
BALLOC-000281-1,EXEC-000281,PA_MARKET_NEUTRAL,200,1.0,2026-06-12T17:00:00
BALLOC-000282-1,EXEC-000282,PA_MARKET_NEUTRAL,1500,1.0,2026-06-12T17:00:00
BALLOC-000283-1,EXEC-000283,PA_EVENT,1500,1.0,2026-06-12T17:00:00
BALLOC-000284-1,EXEC-000284,PA_MARKET_NEUTRAL,1500,1.0,2026-06-12T17:00:00
BALLOC-000285-1,EXEC-000285,PA_LONG_SHORT,200,1.0,2026-06-12T17:00:00
BALLOC-000286-1,EXEC-000286,PA_EVENT,500,1.0,2026-06-12T17:00:00
BALLOC-000287-1,EXEC-000287,PA_MARKET_NEUTRAL,900,0.6,2026-06-12T17:00:00
BALLOC-000287-2,EXEC-000287,PA_MAIN,600,0.4,2026-06-12T17:00:00
BALLOC-000288-1,EXEC-000288,PA_MAIN,500,1.0,2026-06-12T17:00:00
BALLOC-000289-1,EXEC-000289,PA_MARKET_NEUTRAL,500,1.0,2026-06-12T17:00:00
BALLOC-000290-1,EXEC-000290,PA_LONG_SHORT,1500,1.0,2026-06-12T17:00:00
BALLOC-000291-1,EXEC-000291,PA_MARKET_NEUTRAL,2000,1.0,2026-06-12T17:00:00
BALLOC-000292-1,EXEC-000292,PA_EVENT,500,1.0,2026-06-12T17:00:00
BALLOC-000293-1,EXEC-000293,PA_LONG_SHORT,500,1.0,2026-06-12T17:00:00
BALLOC-000294-1,EXEC-000294,PA_LONG_SHORT,300,1.0,2026-06-12T17:00:00
BALLOC-000295-1,EXEC-000295,PA_EVENT,300,1.0,2026-06-12T17:00:00
BALLOC-000296-1,EXEC-000296,PA_LONG_SHORT,200,1.0,2026-06-12T17:00:00
BALLOC-000297-1,EXEC-000297,PA_LONG_SHORT,2000,1.0,2026-06-12T17:00:00
BALLOC-000298-1,EXEC-000298,PA_EVENT,600,0.6,2026-06-12T17:00:00
BALLOC-000298-2,EXEC-000298,PA_MAIN,400,0.4,2026-06-12T17:00:00
BALLOC-000299-1,EXEC-000299,PA_MARKET_NEUTRAL,100,1.0,2026-06-12T17:00:00
BALLOC-000300-1,EXEC-000300,PA_MAIN,2000,1.0,2026-06-12T17:00:00
BALLOC-000301-1,EXEC-000301,PA_MARKET_NEUTRAL,1000,1.0,2026-06-12T17:00:00
BALLOC-000302-1,EXEC-000302,PA_LONG_SHORT,500,1.0,2026-06-12T17:00:00
BALLOC-000303-1,EXEC-000303,PA_EVENT,500,1.0,2026-06-12T17:00:00
BALLOC-000304-1,EXEC-000304,PA_MARKET_NEUTRAL,500,1.0,2026-06-12T17:00:00
BALLOC-000305-1,EXEC-000305,PA_EVENT,2000,1.0,2026-06-12T17:00:00
BALLOC-000306-1,EXEC-000306,PA_LONG_SHORT,1000,1.0,2026-06-12T17:00:00
BALLOC-000307-1,EXEC-000307,PA_MAIN,2000,1.0,2026-06-12T17:00:00
BALLOC-000308-1,EXEC-000308,PA_MARKET_NEUTRAL,1000,1.0,2026-06-12T17:00:00
BALLOC-000309-1,EXEC-000309,PA_MAIN,60,0.6,2026-06-12T17:00:00
BALLOC-000309-2,EXEC-000309,PA_LONG_SHORT,40,0.4,2026-06-12T17:00:00
BALLOC-000310-1,EXEC-000310,PA_EVENT,1500,1.0,2026-06-12T17:00:00
BALLOC-000311-1,EXEC-000311,PA_EVENT,500,1.0,2026-06-12T17:00:00
BALLOC-000312-1,EXEC-000312,PA_LONG_SHORT,100,1.0,2026-06-12T17:00:00
BALLOC-000313-1,EXEC-000313,PA_EVENT,100,1.0,2026-06-12T17:00:00
BALLOC-000314-1,EXEC-000314,PA_EVENT,100,1.0,2026-06-12T17:00:00
BALLOC-000315-1,EXEC-000315,PA_MARKET_NEUTRAL,1000,1.0,2026-06-12T17:00:00
BALLOC-000316-1,EXEC-000316,PA_LONG_SHORT,500,1.0,2026-06-12T17:00:00
BALLOC-000317-1,EXEC-000317,PA_LONG_SHORT,300,1.0,2026-06-12T17:00:00
BALLOC-000318-1,EXEC-000318,PA_MARKET_NEUTRAL,500,1.0,2026-06-12T17:00:00
BALLOC-000319-1,EXEC-000319,PA_MAIN,500,1.0,2026-06-12T17:00:00
BALLOC-000320-1,EXEC-000320,PA_MARKET_NEUTRAL,1200,0.6,2026-06-12T17:00:00
BALLOC-000320-2,EXEC-000320,PA_MAIN,800,0.4,2026-06-12T17:00:00
BALLOC-000321-1,EXEC-000321,PA_EVENT,1000,1.0,2026-06-12T17:00:00
BALLOC-000322-1,EXEC-000322,PA_EVENT,300,1.0,2026-06-12T17:00:00
BALLOC-000323-1,EXEC-000323,PA_MAIN,2000,1.0,2026-06-12T17:00:00
BALLOC-000324-1,EXEC-000324,PA_LONG_SHORT,1500,1.0,2026-06-12T17:00:00
BALLOC-000325-1,EXEC-000325,PA_MARKET_NEUTRAL,1500,1.0,2026-06-12T17:00:00
BALLOC-000326-1,EXEC-000326,PA_EVENT,2000,1.0,2026-06-12T17:00:00
BALLOC-000327-1,EXEC-000327,PA_MAIN,2000,1.0,2026-06-12T17:00:00
BALLOC-000328-1,EXEC-000328,PA_EVENT,1500,1.0,2026-06-12T17:00:00
BALLOC-000329-1,EXEC-000329,PA_LONG_SHORT,100,1.0,2026-06-12T17:00:00
BALLOC-000330-1,EXEC-000330,PA_LONG_SHORT,2000,1.0,2026-06-12T17:00:00
BALLOC-000331-1,EXEC-000331,PA_MAIN,180,0.6,2026-06-12T17:00:00
BALLOC-000331-2,EXEC-000331,PA_LONG_SHORT,120,0.4,2026-06-12T17:00:00
BALLOC-000332-1,EXEC-000332,PA_EVENT,500,1.0,2026-06-12T17:00:00
BALLOC-000333-1,EXEC-000333,PA_MAIN,1500,1.0,2026-06-12T17:00:00
BALLOC-000334-1,EXEC-000334,PA_LONG_SHORT,2000,1.0,2026-06-12T17:00:00
BALLOC-000335-1,EXEC-000335,PA_LONG_SHORT,300,1.0,2026-06-12T17:00:00
BALLOC-000336-1,EXEC-000336,PA_LONG_SHORT,500,1.0,2026-06-12T17:00:00
BALLOC-000337-1,EXEC-000337,PA_MAIN,1500,1.0,2026-06-12T17:00:00
BALLOC-000338-1,EXEC-000338,PA_EVENT,200,1.0,2026-06-12T17:00:00
BALLOC-000339-1,EXEC-000339,PA_EVENT,1000,1.0,2026-06-12T17:00:00
BALLOC-000340-1,EXEC-000340,PA_LONG_SHORT,1500,1.0,2026-06-12T17:00:00
BALLOC-000341-1,EXEC-000341,PA_EVENT,1500,1.0,2026-06-12T17:00:00
BALLOC-000342-1,EXEC-000342,PA_LONG_SHORT,300,0.6,2026-06-12T17:00:00
BALLOC-000342-2,EXEC-000342,PA_MAIN,200,0.4,2026-06-12T17:00:00
BALLOC-000343-1,EXEC-000343,PA_MAIN,200,1.0,2026-06-12T17:00:00
BALLOC-000344-1,EXEC-000344,PA_EVENT,200,1.0,2026-06-12T17:00:00
BALLOC-000345-1,EXEC-000345,PA_MAIN,500,1.0,2026-06-12T17:00:00
BALLOC-000346-1,EXEC-000346,PA_EVENT,200,1.0,2026-06-12T17:00:00
BALLOC-000347-1,EXEC-000347,PA_MAIN,300,1.0,2026-06-12T17:00:00
BALLOC-000348-1,EXEC-000348,PA_MARKET_NEUTRAL,1500,1.0,2026-06-12T17:00:00
BALLOC-000349-1,EXEC-000349,PA_MAIN,2000,1.0,2026-06-12T17:00:00
BALLOC-000350-1,EXEC-000350,PA_EVENT,2000,1.0,2026-06-12T17:00:00
BALLOC-000351-1,EXEC-000351,PA_MARKET_NEUTRAL,2000,1.0,2026-06-12T17:00:00
BALLOC-000352-1,EXEC-000352,PA_MAIN,1000,1.0,2026-06-12T17:00:00
BALLOC-000353-1,EXEC-000353,PA_LONG_SHORT,1200,0.6,2026-06-12T17:00:00
BALLOC-000353-2,EXEC-000353,PA_MAIN,800,0.4,2026-06-12T17:00:00
BALLOC-000354-1,EXEC-000354,PA_EVENT,2000,1.0,2026-06-12T17:00:00
BALLOC-000355-1,EXEC-000355,PA_EVENT,500,1.0,2026-06-12T17:00:00
BALLOC-000356-1,EXEC-000356,PA_MAIN,300,1.0,2026-06-12T17:00:00
BALLOC-000357-1,EXEC-000357,PA_EVENT,200,1.0,2026-06-12T17:00:00
BALLOC-000358-1,EXEC-000358,PA_EVENT,1000,1.0,2026-06-12T17:00:00
BALLOC-000359-1,EXEC-000359,PA_MAIN,1500,1.0,2026-06-12T17:00:00
BALLOC-000360-1,EXEC-000360,PA_LONG_SHORT,100,1.0,2026-06-12T17:00:00
BALLOC-000361-1,EXEC-000361,PA_MAIN,100,1.0,2026-06-12T17:00:00
BALLOC-000362-1,EXEC-000362,PA_LONG_SHORT,1500,1.0,2026-06-12T17:00:00
BALLOC-000363-1,EXEC-000363,PA_LONG_SHORT,200,1.0,2026-06-12T17:00:00
BALLOC-000364-1,EXEC-000364,PA_LONG_SHORT,1200,0.6,2026-06-12T17:00:00
BALLOC-000364-2,EXEC-000364,PA_MAIN,800,0.4,2026-06-12T17:00:00
BALLOC-000365-1,EXEC-000365,PA_MAIN,100,1.0,2026-06-12T17:00:00
BALLOC-000366-1,EXEC-000366,PA_LONG_SHORT,500,1.0,2026-06-12T17:00:00
BALLOC-000367-1,EXEC-000367,PA_LONG_SHORT,500,1.0,2026-06-12T17:00:00
BALLOC-000368-1,EXEC-000368,PA_EVENT,100,1.0,2026-06-12T17:00:00
BALLOC-000369-1,EXEC-000369,PA_LONG_SHORT,200,1.0,2026-06-12T17:00:00
BALLOC-000370-1,EXEC-000370,PA_EVENT,1000,1.0,2026-06-12T17:00:00
BALLOC-000371-1,EXEC-000371,PA_MAIN,500,1.0,2026-06-12T17:00:00
BALLOC-000372-1,EXEC-000372,PA_EVENT,500,1.0,2026-06-12T17:00:00
BALLOC-000373-1,EXEC-000373,PA_MARKET_NEUTRAL,100,1.0,2026-06-12T17:00:00
BALLOC-000374-1,EXEC-000374,PA_EVENT,1000,1.0,2026-06-12T17:00:00
BALLOC-000375-1,EXEC-000375,PA_LONG_SHORT,180,0.6,2026-06-12T17:00:00
BALLOC-000375-2,EXEC-000375,PA_MAIN,120,0.4,2026-06-12T17:00:00
BALLOC-000376-1,EXEC-000376,PA_LONG_SHORT,300,1.0,2026-06-12T17:00:00
BALLOC-000377-1,EXEC-000377,PA_MAIN,100,1.0,2026-06-12T17:00:00
BALLOC-000378-1,EXEC-000378,PA_LONG_SHORT,1500,1.0,2026-06-12T17:00:00
BALLOC-000379-1,EXEC-000379,PA_MARKET_NEUTRAL,200,1.0,2026-06-12T17:00:00
BALLOC-000380-1,EXEC-000380,PA_MAIN,300,1.0,2026-06-12T17:00:00
BALLOC-000381-1,EXEC-000381,PA_LONG_SHORT,100,1.0,2026-06-12T17:00:00
BALLOC-000382-1,EXEC-000382,PA_LONG_SHORT,1000,1.0,2026-06-12T17:00:00
BALLOC-000383-1,EXEC-000383,PA_LONG_SHORT,100,1.0,2026-06-12T17:00:00
BALLOC-000384-1,EXEC-000384,PA_MARKET_NEUTRAL,200,1.0,2026-06-12T17:00:00
BALLOC-000385-1,EXEC-000385,PA_LONG_SHORT,100,1.0,2026-06-12T17:00:00
BALLOC-000386-1,EXEC-000386,PA_MARKET_NEUTRAL,300,0.6,2026-06-12T17:00:00
BALLOC-000386-2,EXEC-000386,PA_MAIN,200,0.4,2026-06-12T17:00:00
BALLOC-000387-1,EXEC-000387,PA_LONG_SHORT,200,1.0,2026-06-12T17:00:00
BALLOC-000388-1,EXEC-000388,PA_LONG_SHORT,2000,1.0,2026-06-12T17:00:00
BALLOC-000389-1,EXEC-000389,PA_MAIN,200,1.0,2026-06-12T17:00:00
BALLOC-000390-1,EXEC-000390,PA_EVENT,100,1.0,2026-06-12T17:00:00
BALLOC-000391-1,EXEC-000391,PA_EVENT,100,1.0,2026-06-12T17:00:00
BALLOC-000392-1,EXEC-000392,PA_MAIN,1000,1.0,2026-06-12T17:00:00
BALLOC-000393-1,EXEC-000393,PA_EVENT,300,1.0,2026-06-12T17:00:00
BALLOC-000394-1,EXEC-000394,PA_LONG_SHORT,200,1.0,2026-06-12T17:00:00
BALLOC-000395-1,EXEC-000395,PA_MAIN,500,1.0,2026-06-12T17:00:00
BALLOC-000396-1,EXEC-000396,PA_MAIN,500,1.0,2026-06-12T17:00:00
BALLOC-000397-1,EXEC-000397,PA_LONG_SHORT,120,0.6,2026-06-12T17:00:00
BALLOC-000397-2,EXEC-000397,PA_MAIN,80,0.4,2026-06-12T17:00:00
BALLOC-000398-1,EXEC-000398,PA_MARKET_NEUTRAL,1000,1.0,2026-06-12T17:00:00
BALLOC-000399-1,EXEC-000399,PA_MAIN,1000,1.0,2026-06-12T17:00:00
BALLOC-000400-1,EXEC-000400,PA_LONG_SHORT,100,1.0,2026-06-12T17:00:00
BALLOC-000401-1,EXEC-000401,PA_MAIN,1000,1.0,2026-06-12T17:00:00
BALLOC-000402-1,EXEC-000402,PA_MAIN,100,1.0,2026-06-12T17:00:00
BALLOC-000403-1,EXEC-000403,PA_EVENT,1000,1.0,2026-06-12T17:00:00
BALLOC-000404-1,EXEC-000404,PA_MARKET_NEUTRAL,200,1.0,2026-06-12T17:00:00
BALLOC-000405-1,EXEC-000405,PA_MARKET_NEUTRAL,1000,1.0,2026-06-12T17:00:00
BALLOC-000406-1,EXEC-000406,PA_LONG_SHORT,100,1.0,2026-06-12T17:00:00
BALLOC-000407-1,EXEC-000407,PA_MAIN,1500,1.0,2026-06-12T17:00:00
BALLOC-000408-1,EXEC-000408,PA_MARKET_NEUTRAL,180,0.6,2026-06-12T17:00:00
BALLOC-000408-2,EXEC-000408,PA_MAIN,120,0.4,2026-06-12T17:00:00
BALLOC-000409-1,EXEC-000409,PA_MARKET_NEUTRAL,300,1.0,2026-06-12T17:00:00
BALLOC-000410-1,EXEC-000410,PA_LONG_SHORT,2000,1.0,2026-06-12T17:00:00
BALLOC-000411-1,EXEC-000411,PA_MAIN,1000,1.0,2026-06-12T17:00:00
BALLOC-000412-1,EXEC-000412,PA_MARKET_NEUTRAL,200,1.0,2026-06-12T17:00:00
BALLOC-000413-1,EXEC-000413,PA_MARKET_NEUTRAL,1000,1.0,2026-06-12T17:00:00
BALLOC-000414-1,EXEC-000414,PA_MAIN,100,1.0,2026-06-12T17:00:00
BALLOC-000415-1,EXEC-000415,PA_LONG_SHORT,2000,1.0,2026-06-12T17:00:00
BALLOC-000416-1,EXEC-000416,PA_MAIN,1000,1.0,2026-06-12T17:00:00
BALLOC-000417-1,EXEC-000417,PA_MARKET_NEUTRAL,1000,1.0,2026-06-12T17:00:00
BALLOC-000418-1,EXEC-000418,PA_MARKET_NEUTRAL,1500,1.0,2026-06-12T17:00:00
BALLOC-000419-1,EXEC-000419,PA_LONG_SHORT,900,0.6,2026-06-12T17:00:00
BALLOC-000419-2,EXEC-000419,PA_MAIN,600,0.4,2026-06-12T17:00:00
BALLOC-000420-1,EXEC-000420,PA_LONG_SHORT,200,1.0,2026-06-12T17:00:00
BALLOC-000421-1,EXEC-000421,PA_MARKET_NEUTRAL,1500,1.0,2026-06-12T17:00:00
BALLOC-000422-1,EXEC-000422,PA_MAIN,100,1.0,2026-06-12T17:00:00
BALLOC-000423-1,EXEC-000423,PA_EVENT,100,1.0,2026-06-12T17:00:00
BALLOC-000424-1,EXEC-000424,PA_EVENT,300,1.0,2026-06-12T17:00:00
BALLOC-000425-1,EXEC-000425,PA_MAIN,2000,1.0,2026-06-12T17:00:00
BALLOC-000426-1,EXEC-000426,PA_LONG_SHORT,300,1.0,2026-06-12T17:00:00
BALLOC-000427-1,EXEC-000427,PA_LONG_SHORT,1500,1.0,2026-06-12T17:00:00
BALLOC-000428-1,EXEC-000428,PA_EVENT,300,1.0,2026-06-12T17:00:00
BALLOC-000429-1,EXEC-000429,PA_EVENT,100,1.0,2026-06-12T17:00:00
BALLOC-000430-1,EXEC-000430,PA_EVENT,300,0.6,2026-06-12T17:00:00
BALLOC-000430-2,EXEC-000430,PA_MAIN,200,0.4,2026-06-12T17:00:00
BALLOC-000431-1,EXEC-000431,PA_EVENT,200,1.0,2026-06-12T17:00:00
BALLOC-000432-1,EXEC-000432,PA_MAIN,500,1.0,2026-06-12T17:00:00
BALLOC-000433-1,EXEC-000433,PA_MARKET_NEUTRAL,300,1.0,2026-06-12T17:00:00
BALLOC-000434-1,EXEC-000434,PA_LONG_SHORT,2000,1.0,2026-06-12T17:00:00
BALLOC-000435-1,EXEC-000435,PA_MAIN,2000,1.0,2026-06-12T17:00:00
BALLOC-000436-1,EXEC-000436,PA_MARKET_NEUTRAL,1000,1.0,2026-06-12T17:00:00
BALLOC-000437-1,EXEC-000437,PA_LONG_SHORT,100,1.0,2026-06-12T17:00:00
BALLOC-000438-1,EXEC-000438,PA_EVENT,100,1.0,2026-06-12T17:00:00
BALLOC-000439-1,EXEC-000439,PA_MAIN,300,1.0,2026-06-12T17:00:00
BALLOC-000440-1,EXEC-000440,PA_MAIN,2000,1.0,2026-06-12T17:00:00
BALLOC-000441-1,EXEC-000441,PA_MAIN,120,0.6,2026-06-12T17:00:00
BALLOC-000441-2,EXEC-000441,PA_LONG_SHORT,80,0.4,2026-06-12T17:00:00
BALLOC-000442-1,EXEC-000442,PA_EVENT,500,1.0,2026-06-12T17:00:00
BALLOC-000443-1,EXEC-000443,PA_EVENT,500,1.0,2026-06-12T17:00:00
BALLOC-000444-1,EXEC-000444,PA_MARKET_NEUTRAL,100,1.0,2026-06-12T17:00:00
BALLOC-000445-1,EXEC-000445,PA_MAIN,300,1.0,2026-06-12T17:00:00
BALLOC-000446-1,EXEC-000446,PA_EVENT,2000,1.0,2026-06-12T17:00:00
BALLOC-000447-1,EXEC-000447,PA_MARKET_NEUTRAL,2000,1.0,2026-06-12T17:00:00
BALLOC-000448-1,EXEC-000448,PA_MAIN,1500,1.0,2026-06-12T17:00:00
BALLOC-000449-1,EXEC-000449,PA_MARKET_NEUTRAL,200,1.0,2026-06-12T17:00:00
BALLOC-000450-1,EXEC-000450,PA_MAIN,1000,1.0,2026-06-12T17:00:00
BALLOC-000451-1,EXEC-000451,PA_MARKET_NEUTRAL,200,1.0,2026-06-12T17:00:00
BALLOC-000452-1,EXEC-000452,PA_LONG_SHORT,180,0.6,2026-06-12T17:00:00
BALLOC-000452-2,EXEC-000452,PA_MAIN,120,0.4,2026-06-12T17:00:00
BALLOC-000453-1,EXEC-000453,PA_MAIN,300,1.0,2026-06-12T17:00:00
BALLOC-000454-1,EXEC-000454,PA_MARKET_NEUTRAL,1000,1.0,2026-06-12T17:00:00
BALLOC-000455-1,EXEC-000455,PA_LONG_SHORT,2000,1.0,2026-06-12T17:00:00
BALLOC-000456-1,EXEC-000456,PA_MARKET_NEUTRAL,1000,1.0,2026-06-12T17:00:00
BALLOC-000457-1,EXEC-000457,PA_MARKET_NEUTRAL,100,1.0,2026-06-12T17:00:00
BALLOC-000458-1,EXEC-000458,PA_MAIN,200,1.0,2026-06-12T17:00:00
BALLOC-000459-1,EXEC-000459,PA_MARKET_NEUTRAL,1500,1.0,2026-06-12T17:00:00
BALLOC-000460-1,EXEC-000460,PA_LONG_SHORT,1000,1.0,2026-06-12T17:00:00
BALLOC-000461-1,EXEC-000461,PA_LONG_SHORT,1500,1.0,2026-06-12T17:00:00
BALLOC-000462-1,EXEC-000462,PA_LONG_SHORT,200,1.0,2026-06-12T17:00:00
BALLOC-000463-1,EXEC-000463,PA_EVENT,120,0.6,2026-06-12T17:00:00
BALLOC-000463-2,EXEC-000463,PA_MAIN,80,0.4,2026-06-12T17:00:00
BALLOC-000464-1,EXEC-000464,PA_MAIN,500,1.0,2026-06-12T17:00:00
BALLOC-000465-1,EXEC-000465,PA_MARKET_NEUTRAL,2000,1.0,2026-06-12T17:00:00
BALLOC-000466-1,EXEC-000466,PA_EVENT,200,1.0,2026-06-12T17:00:00
BALLOC-000467-1,EXEC-000467,PA_MARKET_NEUTRAL,500,1.0,2026-06-12T17:00:00
BALLOC-000468-1,EXEC-000468,PA_LONG_SHORT,200,1.0,2026-06-12T17:00:00
BALLOC-000469-1,EXEC-000469,PA_EVENT,1500,1.0,2026-06-12T17:00:00
BALLOC-000470-1,EXEC-000470,PA_MARKET_NEUTRAL,1500,1.0,2026-06-12T17:00:00
BALLOC-000471-1,EXEC-000471,PA_MARKET_NEUTRAL,200,1.0,2026-06-12T17:00:00
BALLOC-000472-1,EXEC-000472,PA_MARKET_NEUTRAL,200,1.0,2026-06-12T17:00:00
BALLOC-000473-1,EXEC-000473,PA_MARKET_NEUTRAL,500,1.0,2026-06-12T17:00:00
BALLOC-000474-1,EXEC-000474,PA_LONG_SHORT,1200,0.6,2026-06-12T17:00:00
BALLOC-000474-2,EXEC-000474,PA_MAIN,800,0.4,2026-06-12T17:00:00
BALLOC-000475-1,EXEC-000475,PA_MAIN,100,1.0,2026-06-12T17:00:00
BALLOC-000476-1,EXEC-000476,PA_MAIN,1000,1.0,2026-06-12T17:00:00
BALLOC-000477-1,EXEC-000477,PA_MARKET_NEUTRAL,500,1.0,2026-06-12T17:00:00
BALLOC-000478-1,EXEC-000478,PA_MARKET_NEUTRAL,300,1.0,2026-06-12T17:00:00
BALLOC-000479-1,EXEC-000479,PA_EVENT,300,1.0,2026-06-12T17:00:00
BALLOC-000480-1,EXEC-000480,PA_LONG_SHORT,300,1.0,2026-06-12T17:00:00
BALLOC-000481-1,EXEC-000481,PA_MAIN,300,1.0,2026-06-12T17:00:00
BALLOC-000482-1,EXEC-000482,PA_MAIN,2000,1.0,2026-06-12T17:00:00
BALLOC-000483-1,EXEC-000483,PA_LONG_SHORT,300,1.0,2026-06-12T17:00:00
BALLOC-000484-1,EXEC-000484,PA_MAIN,500,1.0,2026-06-12T17:00:00
BALLOC-000485-1,EXEC-000485,PA_MARKET_NEUTRAL,180,0.6,2026-06-12T17:00:00
BALLOC-000485-2,EXEC-000485,PA_MAIN,120,0.4,2026-06-12T17:00:00
BALLOC-000486-1,EXEC-000486,PA_MARKET_NEUTRAL,100,1.0,2026-06-12T17:00:00
BALLOC-000487-1,EXEC-000487,PA_MAIN,100,1.0,2026-06-12T17:00:00
BALLOC-000488-1,EXEC-000488,PA_LONG_SHORT,2000,1.0,2026-06-12T17:00:00
BALLOC-000489-1,EXEC-000489,PA_LONG_SHORT,2000,1.0,2026-06-12T17:00:00
BALLOC-000490-1,EXEC-000490,PA_MARKET_NEUTRAL,500,1.0,2026-06-12T17:00:00
BALLOC-000491-1,EXEC-000491,PA_EVENT,500,1.0,2026-06-12T17:00:00
BALLOC-000492-1,EXEC-000492,PA_EVENT,100,1.0,2026-06-12T17:00:00
BALLOC-000493-1,EXEC-000493,PA_MAIN,300,1.0,2026-06-12T17:00:00
BALLOC-000494-1,EXEC-000494,PA_EVENT,100,1.0,2026-06-12T17:00:00
BALLOC-000495-1,EXEC-000495,PA_MAIN,100,1.0,2026-06-12T17:00:00
BALLOC-000496-1,EXEC-000496,PA_MARKET_NEUTRAL,600,0.6,2026-06-12T17:00:00
BALLOC-000496-2,EXEC-000496,PA_MAIN,400,0.4,2026-06-12T17:00:00
BALLOC-000497-1,EXEC-000497,PA_EVENT,2000,1.0,2026-06-12T17:00:00
BALLOC-000498-1,EXEC-000498,PA_LONG_SHORT,100,1.0,2026-06-12T17:00:00
BALLOC-000499-1,EXEC-000499,PA_MAIN,1000,1.0,2026-06-12T17:00:00
BALLOC-000500-1,EXEC-000500,PA_EVENT,2000,1.0,2026-06-12T17:00:00
BALLOC-ONLY-000001,EXEC-BONLY-000001,PA_LONG_SHORT,100,1.0,2026-06-12T17:00:00
BALLOC-ONLY-000002,EXEC-BONLY-000002,PA_LONG_SHORT,100,1.0,2026-06-12T17:00:00
BALLOC-ONLY-000003,EXEC-BONLY-000003,PA_LONG_SHORT,500,1.0,2026-06-12T17:00:00
